,Unnamed: 0,Infix_Eq,Prefix_Eq,Working,Infix_Sol,Prefix_Sol,tmp,dreamcoder_steps,dreamcoder_metrics,dreamcoder_cscores
240,240.0,"((1 + 2x) + 3x) = 4
",(= (+ (+ (1) (* (2) (x))) (* (3) (x))) (4)),True,x = 3/5,(= (x) (/ (3) (5))),240.0,unknown,unknown,unknown
65,65.0,"((1 - 2) / 3) = x
",(= (/ (- (1) (2)) (3)) (x)),True,x = -1/3,(= (x) (/ (-1) (3))),65.0,(= (+ (1) (* (-2) (x))) (+ (* (3) (x)) (-4)))|(= (+ (- (* (3) (x)) (* (-2) (x))) (-4)) (1))|(= (+ (* (5) (x)) (-4)) (1))|(= (x) (1)),12,35.666666666666664
45,45.0,"(1x - -2x) = 3
",(= (- (* (1) (x)) (* (-2) (x))) (3)),True,x = 1,(= (x) (1)),45.0,unknown,unknown,unknown
198,198.0,"(-1) = (((-2) / x) + (-3))
",(= (-1) (+ (/ (-2) (x)) (-3))),True,x = -1,(= (x) (-1)),198.0,unknown,unknown,unknown
246,246.0,"(1 / x) = ((-2) - 3)
",(= (/ (1) (x)) (- (-2) (3))),True,x = -1/5,(= (x) (/ (-1) (5))),246.0,unknown,unknown,unknown
182,182.0,"(1 + -2x) = (3x + 4)
",(= (+ (1) (* (-2) (x))) (+ (* (3) (x)) (4))),True,x = -3/5,(= (x) (/ (-3) (5))),182.0,unknown,unknown,unknown
124,124.0,"(1x + 2) = (-3)
",(= (+ (* (1) (x)) (2)) (-3)),True,x = -5,(= (x) (-5)),124.0,unknown,unknown,unknown
277,277.0,"((-1x - 1x) + 2) = (-3)
",(= (+ (- (* (-1) (x)) (* (1) (x))) (2)) (-3)),True,x = 5/2,(= (x) (/ (5) (2))),277.0,unknown,unknown,unknown
111,111.0,"-1x = (2 + 3)
",(= (* (-1) (x)) (+ (2) (3))),True,x = -5,(= (x) (-5)),111.0,(= (/ (1) (x)) (2))|0|(= (x) (/ (1) (2))),4,27.857142857142858
279,279.0,"1x = ((2x - 3) - 4)
",(= (* (1) (x)) (- (- (* (2) (x)) (3)) (4))),True,x = 7,(= (x) (7)),279.0,unknown,unknown,unknown
185,185.0,"1x = (-2)
",(= (* (1) (x)) (-2)),True,x = -2,(= (x) (-2)),185.0,(= (- (* (1) (x)) (2)) (* (-3) (x)))|(= (+ (- (* (-3) (x)) (* (1) (x))) (2)) (- (- (* (1) (x)) (2)) (- (* (1) (x)) (2))))|(= (+ (* (-4) (x)) (2)) (- (- (* (1) (x)) (2)) (- (* (1) (x)) (2))))|(= (x) (/ (1) (2))),20,25.23076923076923
128,128.0,"(-1x + 2) = (3 + 4x)
",(= (+ (* (-1) (x)) (2)) (+ (3) (* (4) (x)))),True,x = -1/5,(= (x) (/ (-1) (5))),128.0,(= (* (-1) (x)) (* (/ (2) (x)) (x)))|(= (* (-1) (x)) (/ (2) (/ (x) (x))))|(= (x) (-2)),5,32.84848484848485
273,273.0,"x = ((-1) / 2)
",(= (x) (/ (-1) (2))),True,x = -1/2,(= (x) (/ (-1) (2))),273.0,unknown,unknown,unknown
245,245.0,"(-1x + 2) = (-3x + (-4))
",(= (+ (* (-1) (x)) (2)) (+ (* (-3) (x)) (-4))),True,x = -3,(= (x) (-3)),245.0,unknown,unknown,unknown
151,151.0,"((-1) + -2x) = (3x + (-4))
",(= (+ (-1) (* (-2) (x))) (+ (* (3) (x)) (-4))),True,x = 3/5,(= (x) (/ (3) (5))),151.0,(= (+ (* (-1) (x)) (-2)) (+ (* (-3) (x)) (4)))|(= (+ (- (* (-3) (x)) (* (-1) (x))) (4)) (-2))|(= (+ (* (-2) (x)) (4)) (-2))|(= (x) (3)),12,35.666666666666664
215,215.0,"(1 + 2x) = (3x + (-4))
",(= (+ (1) (* (2) (x))) (+ (* (3) (x)) (-4))),True,x = 5,(= (x) (5)),215.0,unknown,unknown,unknown
38,38.0,"1 = (2 + (3 / x))
",(= (1) (+ (2) (/ (3) (x)))),True,x = -3,(= (x) (-3)),38.0,(= (x) (/ (- (1) (2)) (-3)))|(= (x) (/ (- (1) (2)) (-3)))|(= (x) (/ (1) (3))),3,3.25
155,155.0,"(-1) = (-2x + 3)
",(= (-1) (+ (* (-2) (x)) (3))),True,x = 2,(= (x) (2)),155.0,unknown,unknown,unknown
184,184.0,"((-1) / x) = ((-2) - 3)
",(= (/ (-1) (x)) (- (-2) (3))),True,x = 1/5,(= (x) (/ (1) (5))),184.0,(= (+ (-1) (* (-2) (x))) (+ (3) (* (4) (x))))|(= (+ (- (* (-2) (x)) (* (4) (x))) (-1)) (3))|(= (+ (* (-6) (x)) (-1)) (3))|(= (x) (/ (-2) (3))),12,41.714285714285715
18,18.0,"((-1x + 2) - 3) = -4x
",(= (- (+ (* (-1) (x)) (2)) (3)) (* (-4) (x))),True,x = 1/3,(= (x) (/ (1) (3))),18.0,(= (/ (-1) (x)) (- (-2) (3)))|0|(= (x) (/ (1) (5))),4,33.88235294117647
164,164.0,"((1 / x) + (-2)) = 3
",(= (+ (/ (1) (x)) (-2)) (3)),True,x = 1/5,(= (x) (/ (1) (5))),164.0,unknown,unknown,unknown
192,192.0,"((1x + 2) + 3x) = 4
",(= (+ (+ (* (1) (x)) (2)) (* (3) (x))) (4)),True,x = 1/2,(= (x) (/ (1) (2))),192.0,(= (- (+ (1) (* (2) (x))) (3)) (* (-4) (x)))|(= (+ (- (* (-4) (x)) (* (2) (x))) (2)) (0))|(= (+ (* (-6) (x)) (2)) (0))|(= (x) (/ (1) (3))),10,30.677419354838708
211,211.0,"((-1) + 2x) = (3x + 4)
",(= (+ (-1) (* (2) (x))) (+ (* (3) (x)) (4))),True,x = -5,(= (x) (-5)),211.0,unknown,unknown,unknown
26,26.0,"(1 + -2x) = ((-3) + -4x)
",(= (+ (1) (* (-2) (x))) (+ (-3) (* (-4) (x)))),True,x = -2,(= (x) (-2)),26.0,(= (* (1) (x)) (- (* (-2) (x)) (3)))|(= (+ (- (* (1) (x)) (* (-2) (x))) (3)) (- (- (* (-2) (x)) (3)) (- (* (-2) (x)) (3))))|(= (+ (* (3) (x)) (3)) (- (- (* (-2) (x)) (3)) (- (* (-2) (x)) (3))))|(= (x) (-1)),20,24.2
126,126.0,"(1x + 2) = (-3x + (-4))
",(= (+ (* (1) (x)) (2)) (+ (* (-3) (x)) (-4))),True,x = -3/2,(= (x) (/ (-3) (2))),126.0,(= (* (-1) (x)) (+ (* (2) (x)) (3)))|(= (* (- (-1) (2)) (x)) (3))|(= (x) (-1)),8,25.692307692307693
143,143.0,"(1x + 2) = ((-3) + -4x)
",(= (+ (* (1) (x)) (2)) (+ (-3) (* (-4) (x)))),True,x = -1,(= (x) (-1)),143.0,unknown,unknown,unknown
81,81.0,"1x = (-2x - 3)
",(= (* (1) (x)) (- (* (-2) (x)) (3))),True,x = -1,(= (x) (-1)),81.0,(= (+ (* (1) (x)) (-2)) (+ (3) (* (-4) (x))))|(= (+ (* (1) (x)) (-2)) (+ (3) (* (-4) (x))))|(= (+ (- (* (-4) (x)) (* (x) (1))) (3)) (-2))|(= (+ (* (-5) (x)) (3)) (-2))|(= (x) (1)),13,34.628571428571426
112,112.0,"((-1) + 2x) = ((-3) + 4x)
",(= (+ (-1) (* (2) (x))) (+ (-3) (* (4) (x)))),True,x = 1,(= (x) (1)),112.0,(= (/ (1) (x)) (+ (2) (3)))|0|(= (x) (/ (1) (5))),4,27.857142857142858
53,53.0,"1 = -2x
",(= (1) (* (-2) (x))),True,x = -1/2,(= (x) (/ (-1) (2))),53.0,unknown,unknown,unknown
132,132.0,"(1 + ((-2) / x)) = (-3)
",(= (+ (1) (/ (-2) (x))) (-3)),True,x = 1/2,(= (x) (/ (1) (2))),132.0,(= (* (-1) (x)) (+ (- (2) (* (3) (x))) (4)))|(= (* (+ (-1) (3)) (x)) (6))|(= (x) (3)),10,31.6875
22,22.0,"((-1) / x) = (-2)
",(= (/ (-1) (x)) (-2)),True,x = 1/2,(= (x) (/ (1) (2))),22.0,(= (+ (-1) (* (2) (x))) (+ (* (3) (x)) (4)))|(= (+ (- (* (2) (x)) (* (3) (x))) (-1)) (4))|(= (+ (* (-1) (x)) (-1)) (4))|(= (x) (-5)),12,25.53846153846154
104,104.0,"1 = (((-2) / x) + 3)
",(= (1) (+ (/ (-2) (x)) (3))),True,x = 1,(= (x) (1)),104.0,unknown,unknown,unknown
204,204.0,"(1x + (-2)) = (3 + 4x)
",(= (+ (* (1) (x)) (-2)) (+ (3) (* (4) (x)))),True,x = -5/3,(= (x) (/ (-5) (3))),204.0,unknown,unknown,unknown
55,55.0,"-1x = (-2)
",(= (* (-1) (x)) (-2)),True,x = 2,(= (x) (2)),55.0,(= (1) (+ (2) (* (-3) (x))))|(= (+ (2) (* (-3) (x))) (1))|(= (+ (* (-3) (x)) (- (2) (2))) (- (1) (2)))|(= (x) (/ (1) (3))),12,22.47826086956522
39,39.0,"x = (-1x + 2)
",(= (x) (+ (* (-1) (x)) (2))),True,x = 1,(= (x) (1)),39.0,(= (1) (+ (-2) (/ (-3) (x))))|1|(= (x) (-1)),5,38.87179487179487
49,49.0,"(-1x + 2x) = ((-3) + 4)
",(= (+ (* (-1) (x)) (* (2) (x))) (+ (-3) (4))),True,x = 1,(= (x) (1)),49.0,(= (/ (* (-1) (x)) (-2)) (/ (3) (-4)))|(= (* (/ (x) (2)) (2)) (/ (-3) (2)))|(= (x) (/ (-3) (2))),5,21.772727272727273
253,253.0,"-1x = 2
",(= (* (-1) (x)) (2)),True,x = -2,(= (x) (-2)),253.0,unknown,unknown,unknown
25,25.0,"(1 + -2x) = (-3x + (-4))
",(= (+ (1) (* (-2) (x))) (+ (* (-3) (x)) (-4))),True,x = -5,(= (x) (-5)),25.0,(= (+ (* (1) (x)) (2)) (+ (-3) (* (-4) (x))))|(= (+ (* (1) (x)) (2)) (+ (-3) (* (-4) (x))))|(= (+ (- (* (-4) (x)) (* (x) (1))) (-3)) (2))|(= (+ (* (-5) (x)) (-3)) (2))|(= (x) (-1)),13,34.628571428571426
85,85.0,"x = ((1 - 2) / (-3))
",(= (x) (/ (- (1) (2)) (-3))),True,x = 1/3,(= (x) (/ (1) (3))),85.0,(= (-1) (+ (* (-2) (x)) (* (3) (x))))|(= (-1) (+ (* (-2) (x)) (* (3) (x))))|(= (x) (-1)),7,8.222222222222221
130,130.0,"1 = ((-2) + ((-3) / x))
",(= (1) (+ (-2) (/ (-3) (x)))),True,x = -1,(= (x) (-1)),130.0,(= (* (-1) (x)) (+ (+ (-2) (* (3) (x))) (4)))|(= (* (- (-1) (3)) (x)) (2))|(= (x) (/ (-1) (2))),10,29.666666666666668
208,208.0,"((1x + 2) - 3x) = (4x - 5x)
",(= (- (+ (* (1) (x)) (2)) (* (3) (x))) (- (* (4) (x)) (* (5) (x)))),True,x = 2,(= (x) (2)),208.0,unknown,unknown,unknown
71,71.0,"(-1x + 2) = (-3)
",(= (+ (* (-1) (x)) (2)) (-3)),True,x = 5,(= (x) (5)),71.0,unknown,unknown,unknown
167,167.0,"1 = (-2x + (-3))
",(= (1) (+ (* (-2) (x)) (-3))),True,x = -2,(= (x) (-2)),167.0,(= (+ (-1) (* (2) (x))) (+ (* (-3) (x)) (4)))|(= (+ (- (* (-3) (x)) (* (2) (x))) (4)) (-1))|(= (+ (* (-5) (x)) (4)) (-1))|(= (x) (1)),12,34.65714285714286
203,203.0,"((1 - 2x) - 3) = ((4 + 5x) - 6)
",(= (- (- (1) (* (2) (x))) (3)) (- (+ (4) (* (5) (x))) (6))),True,x = 0,(= (x) (0)),203.0,unknown,unknown,unknown
180,180.0,"(-1) = ((2x + 3) + 4x)
",(= (-1) (+ (+ (* (2) (x)) (3)) (* (4) (x)))),True,x = -2/3,(= (x) (/ (-2) (3))),180.0,unknown,unknown,unknown
2,2.0,"((-1) + 2x) = (3x + (-4))
",(= (+ (-1) (* (2) (x))) (+ (* (3) (x)) (-4))),True,x = 3,(= (x) (3)),2.0,(= (- (* (1) (x)) (* (-2) (x))) (3))|(= (* (- (1) (-2)) (x)) (3))|(= (x) (1)),6,17.666666666666668
67,67.0,"-1x = -2x
",(= (* (-1) (x)) (* (-2) (x))),True,x = 0,(= (x) (0)),67.0,(= (+ (-1) (* (-2) (x))) (3))|(= (+ (-1) (* (-2) (x))) (3))|(= (+ (* (-2) (x)) (- (-1) (-1))) (- (3) (-1)))|(= (x) (-2)),9,21.59090909090909
52,52.0,"(1 / 2) = (((-3) + 4x) / 5)
",(= (/ (1) (2)) (/ (+ (-3) (* (4) (x))) (5))),True,x = 11/8,(= (x) (/ (1) (1) (8))),52.0,(= (-1) (- (* (2) (x)) (3)))|(= (+ (- (0) (3)) (* (2) (x))) (-1))|(= (+ (* (2) (x)) (- (- (0) (3)) (- (0) (3)))) (- (-1) (- (0) (3))))|(= (x) (1)),20,23.166666666666668
99,99.0,"(-1) = ((-2) + (3 / x))
",(= (-1) (+ (-2) (/ (3) (x)))),True,x = 3,(= (x) (3)),99.0,(= (-1) (+ (2) (* (-3) (x))))|(= (+ (2) (* (-3) (x))) (-1))|(= (+ (* (-3) (x)) (- (2) (2))) (- (-1) (2)))|(= (x) (1)),12,23.5
154,154.0,"(-1x / (-2)) = (3 / (-4))
",(= (/ (* (-1) (x)) (-2)) (/ (3) (-4))),True,x = -3/2,(= (x) (/ (-3) (2))),154.0,unknown,unknown,unknown
15,15.0,"((1 / x) + 2) = (-3)
",(= (+ (/ (1) (x)) (2)) (-3)),True,x = -1/5,(= (x) (/ (-1) (5))),15.0,(= (+ (1) (* (2) (x))) (+ (* (3) (x)) (-4)))|(= (+ (- (* (2) (x)) (* (3) (x))) (1)) (-4))|(= (+ (* (-1) (x)) (1)) (-4))|(= (x) (5)),12,25.53846153846154
265,265.0,"(1x - 2) = (-3)
",(= (- (* (1) (x)) (2)) (-3)),True,x = -1,(= (x) (-1)),265.0,unknown,unknown,unknown
201,201.0,"(-1) = (2x - 3)
",(= (-1) (- (* (2) (x)) (3))),True,x = 1,(= (x) (1)),201.0,unknown,unknown,unknown
117,117.0,"((-1) - 2) = (((3 / x) + 4) - 5)
",(= (- (-1) (2)) (- (+ (/ (3) (x)) (4)) (5))),True,x = -3/2,(= (x) (/ (-3) (2))),117.0,(= (+ (/ (-1) (x)) (-2)) (3))|3|(= (x) (/ (-1) (5))),6,40.853658536585364
283,283.0,x = (1 / 2),(= (x) (/ (1) (2))),True,x = 1/2,(= (x) (/ (1) (2))),283.0,unknown,unknown,unknown
226,226.0,"1 = (2 + -3x)
",(= (1) (+ (2) (* (-3) (x)))),True,x = 1/3,(= (x) (/ (1) (3))),226.0,unknown,unknown,unknown
11,11.0,"((-1x - 2) + 3x) = (4x + 5x)
",(= (+ (- (* (-1) (x)) (2)) (* (3) (x))) (+ (* (4) (x)) (* (5) (x)))),True,x = -2/7,(= (x) (/ (-2) (7))),11.0,(= (+ (* (-1) (x)) (2)) (+ (3) (* (4) (x))))|(= (+ (- (* (4) (x)) (* (-1) (x))) (3)) (2))|(= (+ (* (5) (x)) (3)) (2))|(= (x) (/ (-1) (5))),12,37.68421052631579
43,43.0,"((-1) + -2x) = (-3)
",(= (+ (-1) (* (-2) (x))) (-3)),True,x = 1,(= (x) (1)),43.0,unknown,unknown,unknown
262,262.0,"(1x - 2) = (3x - 4)
",(= (- (* (1) (x)) (2)) (- (* (3) (x)) (4))),True,x = 1,(= (x) (1)),262.0,unknown,unknown,unknown
56,56.0,"((-1) + -2x) = (3 + -4x)
",(= (+ (-1) (* (-2) (x))) (+ (3) (* (-4) (x)))),True,x = 2,(= (x) (2)),56.0,unknown,unknown,unknown
12,12.0,"(1x + (-2)) = ((-3) + 4x)
",(= (+ (* (1) (x)) (-2)) (+ (-3) (* (4) (x)))),True,x = 1/3,(= (x) (/ (1) (3))),12.0,(= (x) (/ (-1) (2)))|(= (x) (/ (-1) (2))),1,1.5
4,4.0,"(-1x + 2) = (-3x + 4)
",(= (+ (* (-1) (x)) (2)) (+ (* (-3) (x)) (4))),True,x = 1,(= (x) (1)),4.0,(= (/ (1) (x)) (- (-2) (3)))|0|(= (x) (/ (-1) (5))),4,31.875
145,145.0,"((1 / x) + (-2)) = (-3)
",(= (+ (/ (1) (x)) (-2)) (-3)),True,x = -1,(= (x) (-1)),145.0,(= (- (-1) (* (2) (x))) (-3))|(= (+ (-3) (* (2) (x))) (-1))|(= (+ (* (2) (x)) (- (-3) (-3))) (- (-1) (-3)))|(= (x) (1)),9,21.59090909090909
35,35.0,"((1x - 2) + 3) = ((4x - 5) + 6)
",(= (+ (- (* (1) (x)) (2)) (3)) (+ (- (* (4) (x)) (5)) (6))),True,x = 0,(= (x) (0)),35.0,(= (+ (* (-1) (x)) (* (2) (x))) (+ (-3) (4)))|(= (* (+ (-1) (2)) (x)) (+ (-3) (4)))|(= (x) (1)),6,9.4
93,93.0,"(1x - -2x) = (-3)
",(= (- (* (1) (x)) (* (-2) (x))) (-3)),True,x = -1,(= (x) (-1)),93.0,(= (+ (+ (-1) (* (2) (x))) (3)) (+ (4) (5)))|(= (+ (+ (3) (-1)) (* (2) (x))) (+ (4) (5)))|(= (+ (* (2) (x)) (- (+ (3) (-1)) (+ (3) (-1)))) (- (+ (4) (5)) (+ (3) (-1))))|(= (x) (/ (7) (2))),15,27.464285714285715
217,217.0,"(1 + -2x) = (3x + (-4))
",(= (+ (1) (* (-2) (x))) (+ (* (3) (x)) (-4))),True,x = 1,(= (x) (1)),217.0,unknown,unknown,unknown
191,191.0,"(1x + 2) = (3 + 4x)
",(= (+ (* (1) (x)) (2)) (+ (3) (* (4) (x)))),True,x = -1/3,(= (x) (/ (-1) (3))),191.0,(= (* (-1) (x)) (- (2) (3)))|(= (* (-1) (x)) (- (2) (3)))|(= (x) (1)),3,13.785714285714286
257,257.0,"((-1) + -2x) = 3
",(= (+ (-1) (* (-2) (x))) (3)),True,x = -2,(= (x) (-2)),257.0,unknown,unknown,unknown
178,178.0,"(-1x + (-2)) = (3x + 4)
",(= (+ (* (-1) (x)) (-2)) (+ (* (3) (x)) (4))),True,x = -3/2,(= (x) (/ (-3) (2))),178.0,(= (- (* (-1) (x)) (2)) (* (3) (x)))|(= (* (- (3) (-1)) (x)) (-2))|(= (x) (/ (-1) (2))),6,25.76923076923077
142,142.0,"((-1x + 2) - 3x) = (((-4) + 5x) - 6x)
",(= (- (+ (* (-1) (x)) (2)) (* (3) (x))) (- (+ (-4) (* (5) (x))) (* (6) (x)))),True,x = 2,(= (x) (2)),142.0,(= (x) (/ (+ (-1) (2)) (3)))|(= (x) (/ (+ (-1) (2)) (3)))|(= (x) (/ (1) (3))),3,3.25
73,73.0,"(-1x + (-2)) = ((-3) + 4x)
",(= (+ (* (-1) (x)) (-2)) (+ (-3) (* (4) (x)))),True,x = 1/5,(= (x) (/ (1) (5))),73.0,unknown,unknown,unknown
146,146.0,"(1x / 2) = (3 / 4)
",(= (/ (* (1) (x)) (2)) (/ (3) (4))),True,x = 3/2,(= (x) (/ (3) (2))),146.0,unknown,unknown,unknown
269,269.0,"(((-1) - 2x) + 3x) = 4
",(= (+ (- (-1) (* (2) (x))) (* (3) (x))) (4)),True,x = 5,(= (x) (5)),269.0,unknown,unknown,unknown
189,189.0,"(-1) = (-2x + (-3))
",(= (-1) (+ (* (-2) (x)) (-3))),True,x = -1,(= (x) (-1)),189.0,unknown,unknown,unknown
223,223.0,"((-1) + ((-2) / x)) = 3
",(= (+ (-1) (/ (-2) (x))) (3)),True,x = -1/2,(= (x) (/ (-1) (2))),223.0,unknown,unknown,unknown
77,77.0,"(-1) = (-2x / (-3))
",(= (-1) (/ (* (-2) (x)) (-3))),True,x = -3/2,(= (x) (/ (-3) (2))),77.0,unknown,unknown,unknown
263,263.0,"(-1x + 2x) = ((-3) - 4)
",(= (+ (* (-1) (x)) (* (2) (x))) (- (-3) (4))),True,x = -7,(= (x) (-7)),263.0,unknown,unknown,unknown
17,17.0,"(1x + (-2)) = (-3x + 4)
",(= (+ (* (1) (x)) (-2)) (+ (* (-3) (x)) (4))),True,x = 3/2,(= (x) (/ (3) (2))),17.0,(= (-1) (+ (* (-2) (x)) (3)))|(= (+ (* (-2) (x)) (3)) (-1))|(= (x) (2)),8,22.652173913043477
158,158.0,"(-1) = (((-2) / x) + 3)
",(= (-1) (+ (/ (-2) (x)) (3))),True,x = 1/2,(= (x) (/ (1) (2))),158.0,(= (+ (* (-1) (x)) (-2)) (3))|(= (+ (* (-1) (x)) (-2)) (3))|(= (+ (* (-1) (x)) (-2)) (3))|(= (x) (-5)),6,20.714285714285715
109,109.0,"((-1) + 2) = 3x
",(= (+ (-1) (2)) (* (3) (x))),True,x = 1/3,(= (x) (/ (1) (3))),109.0,(= (+ (1) (* (2) (x))) (* (-3) (x)))|(= (+ (- (* (2) (x)) (* (-3) (x))) (1)) (0))|(= (+ (* (5) (x)) (1)) (0))|(= (x) (/ (-1) (5))),12,24.52
115,115.0,"((-1) + 2x) = (-3)
",(= (+ (-1) (* (2) (x))) (-3)),True,x = -1,(= (x) (-1)),115.0,unknown,unknown,unknown
20,20.0,"(1x + (-2)) = (3 + -4x)
",(= (+ (* (1) (x)) (-2)) (+ (3) (* (-4) (x)))),True,x = 1,(= (x) (1)),20.0,(= (+ (/ (1) (x)) (-2)) (3))|3|(= (x) (/ (1) (5))),6,34.82857142857143
87,87.0,"1x = (2x / x)
",(= (* (1) (x)) (/ (* (2) (x)) (x))),True,x = 2,(= (x) (2)),87.0,(= (1) (+ (-2) (* (3) (x))))|(= (+ (-2) (* (3) (x))) (1))|(= (+ (* (3) (x)) (- (-2) (-2))) (- (1) (-2)))|(= (x) (1)),12,25.53846153846154
23,23.0,"(1x - 2) = ((-3) - 4x)
",(= (- (* (1) (x)) (2)) (- (-3) (* (4) (x)))),True,x = -1/5,(= (x) (/ (-1) (5))),23.0,(= (+ (1) (* (-2) (x))) (+ (-3) (* (-4) (x))))|(= (+ (- (* (-2) (x)) (* (-4) (x))) (1)) (-3))|(= (+ (* (2) (x)) (1)) (-3))|(= (x) (-2)),12,37.68421052631579
83,83.0,"((1 + 2x) + 3x) = ((-4x + (-5)) + 6x)
",(= (+ (+ (1) (* (2) (x))) (* (3) (x))) (+ (+ (* (-4) (x)) (-5)) (* (6) (x)))),True,x = -2,(= (x) (-2)),83.0,unknown,unknown,unknown
229,229.0,"(-1) = (-2x + 3x)
",(= (-1) (+ (* (-2) (x)) (* (3) (x)))),True,x = -1,(= (x) (-1)),229.0,unknown,unknown,unknown
28,28.0,"(-1x + 2x) = (-3)
",(= (+ (* (-1) (x)) (* (2) (x))) (-3)),True,x = -3,(= (x) (-3)),28.0,(= (1) (* (-2) (x)))|(= (* (-2) (x)) (1))|(= (x) (/ (-1) (2))),4,11.666666666666666
218,218.0,"1 = ((-2) + 3x)
",(= (1) (+ (-2) (* (3) (x)))),True,x = 1,(= (x) (1)),218.0,unknown,unknown,unknown
6,6.0,"1x = (((-2) + 3x) + 4)
",(= (* (1) (x)) (+ (+ (-2) (* (3) (x))) (4))),True,x = -1,(= (x) (-1)),6.0,(= (+ (* (1) (x)) (2)) (-3))|(= (- (+ (* (1) (x)) (2)) (2)) (- (-3) (2)))|(= (x) (-5)),8,10.272727272727273
127,127.0,"1 = (2x / 3)
",(= (1) (/ (* (2) (x)) (3))),True,x = 3/2,(= (x) (/ (3) (2))),127.0,(= (-1) (+ (2) (* (3) (x))))|(= (+ (2) (* (3) (x))) (-1))|(= (+ (* (3) (x)) (- (2) (2))) (- (-1) (2)))|(= (x) (-1)),12,23.5
213,213.0,"(-1) = ((2x - 3) + 4x)
",(= (-1) (+ (- (* (2) (x)) (3)) (* (4) (x)))),True,x = 1/3,(= (x) (/ (1) (3))),213.0,unknown,unknown,unknown
9,9.0,"(-1x / x) = -2x
",(= (/ (* (-1) (x)) (x)) (* (-2) (x))),True,x = 1/2,(= (x) (/ (1) (2))),9.0,(= (* (1) (x)) (- (- (* (2) (x)) (3)) (4)))|(= (+ (- (* (1) (x)) (* (2) (x))) (+ (3) (4))) (- (- (* (2) (x)) (+ (3) (4))) (- (* (2) (x)) (+ (3) (4)))))|(= (+ (* (-1) (x)) (+ (3) (4))) (- (- (* (2) (x)) (+ (3) (4))) (- (* (2) (x)) (+ (3) (4)))))|(= (x) (7)),26,28.103448275862068
63,63.0,"1x = (2x + 3)
",(= (* (1) (x)) (+ (* (2) (x)) (3))),True,x = -3,(= (x) (-3)),63.0,unknown,unknown,unknown
205,205.0,"(((-1) + 2x) + 3) = (4 + 5)
",(= (+ (+ (-1) (* (2) (x))) (3)) (+ (4) (5))),True,x = 7/2,(= (x) (/ (7) (2))),205.0,unknown,unknown,unknown
236,236.0,"(-1) = -2x
",(= (-1) (* (-2) (x))),True,x = 1/2,(= (x) (/ (1) (2))),236.0,unknown,unknown,unknown
120,120.0,"1 = (2 + 3x)
",(= (1) (+ (2) (* (3) (x)))),True,x = -1/3,(= (x) (/ (-1) (3))),120.0,(= (+ (1) (* (-2) (x))) (+ (* (-3) (x)) (4)))|(= (+ (- (* (-3) (x)) (* (-2) (x))) (4)) (1))|(= (+ (* (-1) (x)) (4)) (1))|(= (x) (3)),12,35.666666666666664
44,44.0,"((-1) + 2x) = (-3x + (-4))
",(= (+ (-1) (* (2) (x))) (+ (* (-3) (x)) (-4))),True,x = -3/5,(= (x) (/ (-3) (5))),44.0,(= (-1) (+ (+ (* (2) (x)) (3)) (* (4) (x))))|(= (+ (+ (* (4) (x)) (* (2) (x))) (3)) (-1))|(= (+ (* (6) (x)) (3)) (-1))|(= (x) (/ (-2) (3))),16,31.5
3,3.0,"(-1x + (-2)) = (-3x + (-4))
",(= (+ (* (-1) (x)) (-2)) (+ (* (-3) (x)) (-4))),True,x = -1,(= (x) (-1)),3.0,(= (-1) (+ (/ (-2) (x)) (-3)))|0|(= (x) (-1)),5,35.861111111111114
114,114.0,"(((-1) / x) * x) = 2x
",(= (* (/ (-1) (x)) (x)) (* (2) (x))),True,x = -1/2,(= (x) (/ (-1) (2))),114.0,unknown,unknown,unknown
209,209.0,"(-1) = (2 + -3x)
",(= (-1) (+ (2) (* (-3) (x)))),True,x = 1,(= (x) (1)),209.0,unknown,unknown,unknown
14,14.0,"(1x - 2x) = (((3 - 4x) - 5) - 6x)
",(= (- (* (1) (x)) (* (2) (x))) (- (- (- (3) (* (4) (x))) (5)) (* (6) (x)))),True,x = -2/9,(= (x) (/ (-2) (9))),14.0,(= (+ (-1) (* (-2) (x))) (+ (* (3) (x)) (-4)))|(= (+ (- (* (3) (x)) (* (-2) (x))) (-4)) (-1))|(= (+ (* (5) (x)) (-4)) (-1))|(= (x) (/ (3) (5))),12,34.65714285714286
72,72.0,"((-1) + 2x) = 3
",(= (+ (-1) (* (2) (x))) (3)),True,x = 2,(= (x) (2)),72.0,(= (+ (- (-1) (* (2) (x))) (* (3) (x))) (4))|(= (+ (- (* (2) (x)) (* (3) (x))) (4)) (-1))|(= (+ (* (-1) (x)) (4)) (-1))|(= (x) (5)),9,21.59090909090909
152,152.0,"(((-1) + 2x) + 3x) = ((4 + -5x) + 6x)
",(= (+ (+ (-1) (* (2) (x))) (* (3) (x))) (+ (+ (4) (* (-5) (x))) (* (6) (x)))),True,x = 5/4,(= (x) (/ (5) (4))),152.0,(= (- (* (-1) (x)) (* (2) (x))) (+ (-3) (4)))|(= (* (- (-1) (2)) (x)) (+ (-3) (4)))|(= (x) (/ (-1) (3))),6,18.68421052631579
237,237.0,"-1x = (((-2) + -3x) - 4)
",(= (* (-1) (x)) (- (+ (-2) (* (-3) (x))) (4))),True,x = -3,(= (x) (-3)),237.0,unknown,unknown,unknown
188,188.0,"((-1) + -2x) = ((-3) + 4x)
",(= (+ (-1) (* (-2) (x))) (+ (-3) (* (4) (x)))),True,x = 1/3,(= (x) (/ (1) (3))),188.0,unknown,unknown,unknown
16,16.0,"(-1) = ((2 / x) + 3)
",(= (-1) (+ (/ (2) (x)) (3))),True,x = -1/2,(= (x) (/ (-1) (2))),16.0,(= (1) (+ (2) (/ (3) (x))))|(= (x) (-3)),4,38.8974358974359
181,181.0,"(1x + 2) = (3x + (-4))
",(= (+ (* (1) (x)) (2)) (+ (* (3) (x)) (-4))),True,x = 3,(= (x) (3)),181.0,(= (-1) (+ (- (-2) (* (3) (x))) (* (4) (x))))|(= (+ (* (4) (x)) (- (-2) (+ (* (3) (x)) (* (3) (0))))) (-1))|(= (x) (/ (- (-1) (- (-2) (* (3) (x)))) (4))),24,21.956521739130434
0,0.0,"(1 / 2) = x
",(= (/ (1) (2)) (x)),True,x = 1/2,(= (x) (/ (1) (2))),0.0,(= (+ (+ (1) (* (2) (x))) (* (3) (x))) (4))|(= (+ (+ (* (2) (x)) (* (3) (x))) (1)) (4))|(= (+ (* (5) (x)) (1)) (4))|(= (x) (/ (3) (5))),9,29.7
176,176.0,"(1x - 2) = 3x
",(= (- (* (1) (x)) (2)) (* (3) (x))),True,x = -1,(= (x) (-1)),176.0,(= (+ (* (1) (x)) (-2)) (+ (* (3) (x)) (-4)))|(= (+ (* (1) (x)) (-2)) (+ (-4) (* (3) (x))))|(= (+ (- (* (3) (x)) (* (x) (1))) (-4)) (-2))|(= (+ (* (2) (x)) (-4)) (-2))|(= (x) (1)),13,35.638888888888886
175,175.0,"(1 + 2x) = -3x
",(= (+ (1) (* (2) (x))) (* (-3) (x))),True,x = -1/5,(= (x) (/ (-1) (5))),175.0,(= (+ (1) (* (2) (x))) (3))|(= (+ (1) (* (2) (x))) (3))|(= (+ (* (2) (x)) (- (1) (1))) (- (3) (1)))|(= (x) (1)),9,21.59090909090909
159,159.0,"-1x = (2x - 3)
",(= (* (-1) (x)) (- (* (2) (x)) (3))),True,x = 1,(= (x) (1)),159.0,(= (-1) (+ (2) (/ (-3) (x))))|1|(= (x) (1)),5,38.87179487179487
30,30.0,"(1 / x) = 2
",(= (/ (1) (x)) (2)),True,x = 1/2,(= (x) (/ (1) (2))),30.0,(= (/ (-1) (x)) (-2))|0|(= (x) (/ (1) (2))),4,31.875
47,47.0,"(1 / x) = (2 + 3)
",(= (/ (1) (x)) (+ (2) (3))),True,x = 1/5,(= (x) (/ (1) (5))),47.0,unknown,unknown,unknown
179,179.0,"((1x - 2) + 3) = 4x
",(= (+ (- (* (1) (x)) (2)) (3)) (* (4) (x))),True,x = 1/3,(= (x) (/ (1) (3))),179.0,(= (+ (-1) (* (2) (x))) (- (* (3) (x)) (4)))|(= (+ (- (* (2) (x)) (* (3) (x))) (-1)) (-4))|(= (+ (* (-1) (x)) (-1)) (-4))|(= (x) (3)),12,26.555555555555557
92,92.0,"(-1x + 2) = (3x + 4)
",(= (+ (* (-1) (x)) (2)) (+ (* (3) (x)) (4))),True,x = -1/2,(= (x) (/ (-1) (2))),92.0,(= (* (1) (x)) (+ (* (2) (x)) (3)))|(= (- (* (-1) (x)) (- (3) (3))) (+ (0) (3)))|(= (x) (-3)),10,25.615384615384617
163,163.0,"1 = (2 + ((-3) / x))
",(= (1) (+ (2) (/ (-3) (x)))),True,x = 3,(= (x) (3)),163.0,(= (1) (+ (* (2) (x)) (-3)))|(= (+ (* (2) (x)) (-3)) (1))|(= (x) (2)),8,22.652173913043477
147,147.0,"((-1) - 2x) = -3x
",(= (- (-1) (* (2) (x))) (* (-3) (x))),True,x = 1,(= (x) (1)),147.0,(= (* (-1) (x)) (+ (-2) (3)))|(= (* (-1) (x)) (+ (-2) (3)))|(= (x) (-1)),3,13.785714285714286
57,57.0,"(((-1) / x) + (-2)) = 3
",(= (+ (/ (-1) (x)) (-2)) (3)),True,x = -1/5,(= (x) (/ (-1) (5))),57.0,(= (+ (-1) (* (-2) (x))) (-3))|(= (+ (-1) (* (-2) (x))) (-3))|(= (+ (* (-2) (x)) (- (-1) (-1))) (- (-3) (-1)))|(= (x) (1)),9,21.59090909090909
149,149.0,"((-1) + ((-2) / x)) = (-3)
",(= (+ (-1) (/ (-2) (x))) (-3)),True,x = 1,(= (x) (1)),149.0,(= (+ (* (-1) (x)) (-2)) (+ (-3) (* (-4) (x))))|(= (+ (- (* (-4) (x)) (* (-1) (x))) (-3)) (-2))|(= (+ (* (-3) (x)) (-3)) (-2))|(= (x) (/ (-1) (3))),12,37.68421052631579
243,243.0,"(1x + 2) = (3 + -4x)
",(= (+ (* (1) (x)) (2)) (+ (3) (* (-4) (x)))),True,x = 1/5,(= (x) (/ (1) (5))),243.0,unknown,unknown,unknown
195,195.0,"(1 + -2x) = (-3x + 4)
",(= (+ (1) (* (-2) (x))) (+ (* (-3) (x)) (4))),True,x = 3,(= (x) (3)),195.0,(= (+ (-1) (* (2) (x))) (- (* (-3) (x)) (4)))|(= (+ (- (* (-3) (x)) (* (2) (x))) (-4)) (-1))|(= (+ (* (-5) (x)) (-4)) (-1))|(= (x) (/ (-3) (5))),12,35.666666666666664
136,136.0,"((-1) + 2x) = (3 + 4x)
",(= (+ (-1) (* (2) (x))) (+ (3) (* (4) (x)))),True,x = -2,(= (x) (-2)),136.0,(= (+ (-1) (* (-2) (x))) (+ (* (3) (x)) (4)))|(= (+ (- (* (3) (x)) (* (-2) (x))) (4)) (-1))|(= (+ (* (5) (x)) (4)) (-1))|(= (x) (-1)),12,35.666666666666664
116,116.0,"(1 + 2x) = (-3x + 4)
",(= (+ (1) (* (2) (x))) (+ (* (-3) (x)) (4))),True,x = 3/5,(= (x) (/ (3) (5))),116.0,(= (- (-1) (* (2) (x))) (* (-3) (x)))|(= (* (+ (-3) (2)) (x)) (-1))|(= (x) (1)),6,27.785714285714285
41,41.0,"(1 + 2x) = (3x + 4)
",(= (+ (1) (* (2) (x))) (+ (* (3) (x)) (4))),True,x = -3,(= (x) (-3)),41.0,(= (+ (* (-1) (x)) (2)) (-3))|(= (+ (* (-1) (x)) (2)) (-3))|(= (+ (* (-1) (x)) (2)) (-3))|(= (x) (5)),6,20.714285714285715
29,29.0,"(1 - (-2)) = (((3 / x) + (-4)) - (-5))
",(= (- (1) (-2)) (- (+ (/ (3) (x)) (-4)) (-5))),True,x = 3/2,(= (x) (/ (3) (2))),29.0,(= (+ (1) (/ (-2) (x))) (-3))|1|(= (x) (/ (1) (2))),6,44.86666666666667
125,125.0,"(-1) = ((2 / x) + (-3))
",(= (-1) (+ (/ (2) (x)) (-3))),True,x = 1,(= (x) (1)),125.0,(= (-1) (+ (/ (2) (x)) (-3)))|0|(= (x) (1)),5,37.86842105263158
24,24.0,"-1x = (2x + 3)
",(= (* (-1) (x)) (+ (* (2) (x)) (3))),True,x = -1,(= (x) (-1)),24.0,(= (+ (* (1) (x)) (2)) (+ (* (-3) (x)) (-4)))|(= (+ (* (1) (x)) (2)) (+ (-4) (* (-3) (x))))|(= (+ (- (* (-3) (x)) (* (x) (1))) (-4)) (2))|(= (+ (* (-4) (x)) (-4)) (2))|(= (x) (/ (-3) (2))),13,33.61764705882353
19,19.0,"(-1) = (2 + 3x)
",(= (-1) (+ (2) (* (3) (x)))),True,x = -1,(= (x) (-1)),19.0,unknown,unknown,unknown
102,102.0,"-1x = ((2 / x) * x)
",(= (* (-1) (x)) (* (/ (2) (x)) (x))),True,x = -2,(= (x) (-2)),102.0,unknown,unknown,unknown
227,227.0,"((-1) - 2x) = ((-3) - 4x)
",(= (- (-1) (* (2) (x))) (- (-3) (* (4) (x)))),True,x = -1,(= (x) (-1)),227.0,unknown,unknown,unknown
122,122.0,"-1x = (((-2) + 3x) + 4)
",(= (* (-1) (x)) (+ (+ (-2) (* (3) (x))) (4))),True,x = -1/2,(= (x) (/ (-1) (2))),122.0,(= (+ (1) (* (2) (x))) (+ (* (-3) (x)) (4)))|(= (+ (- (* (-3) (x)) (* (2) (x))) (4)) (1))|(= (+ (* (-5) (x)) (4)) (1))|(= (x) (/ (3) (5))),12,34.65714285714286
210,210.0,"1x = (2 + 3x)
",(= (* (1) (x)) (+ (2) (* (3) (x)))),True,x = -1,(= (x) (-1)),210.0,unknown,unknown,unknown
281,281.0,"-1x = ((2 - 3x) + 4)
",(= (* (-1) (x)) (+ (- (2) (* (3) (x))) (4))),True,x = 3,(= (x) (3)),281.0,unknown,unknown,unknown
256,256.0,"(1 / x) = (-2)
",(= (/ (1) (x)) (-2)),True,x = -1/2,(= (x) (/ (-1) (2))),256.0,unknown,unknown,unknown
214,214.0,"1 = (2 - (3 / x))
",(= (1) (- (2) (/ (3) (x)))),True,x = 3,(= (x) (3)),214.0,unknown,unknown,unknown
108,108.0,"(-1x + 2) = ((-3) + -4x)
",(= (+ (* (-1) (x)) (2)) (+ (-3) (* (-4) (x)))),True,x = -5/3,(= (x) (/ (-5) (3))),108.0,(= (- (* (1) (x)) (2)) (* (3) (x)))|(= (+ (- (* (3) (x)) (* (1) (x))) (2)) (- (- (* (1) (x)) (2)) (- (* (1) (x)) (2))))|(= (+ (* (2) (x)) (2)) (- (- (* (1) (x)) (2)) (- (* (1) (x)) (2))))|(= (x) (-1)),22,26.185185185185187
161,161.0,"((-1) + -2x) = (3x + 4)
",(= (+ (-1) (* (-2) (x))) (+ (* (3) (x)) (4))),True,x = -1,(= (x) (-1)),161.0,(= (+ (1) (* (-2) (x))) (+ (3) (* (4) (x))))|(= (+ (- (* (-2) (x)) (* (4) (x))) (1)) (3))|(= (+ (* (-6) (x)) (1)) (3))|(= (x) (/ (-1) (3))),12,42.72093023255814
58,58.0,"1 = ((-2) + (3 / x))
",(= (1) (+ (-2) (/ (3) (x)))),True,x = 1,(= (x) (1)),58.0,(= (- (* (1) (x)) (2)) (- (* (3) (x)) (4)))|(= (+ (- (* (1) (x)) (2)) (2)) (+ (- (+ (* (3) (x)) (* (3) (0))) (4)) (2)))|(= (x) (+ (- (* (3) (x)) (4)) (2))),12,36.67567567567568
36,36.0,"1 = ((2 - 3x) - 4x)
",(= (1) (- (- (2) (* (3) (x))) (* (4) (x)))),True,x = 1/7,(= (x) (/ (1) (7))),36.0,(= (* (-1) (x)) (2))|(= (* (-1) (x)) (2))|(= (x) (-2)),3,11.75
82,82.0,"(-1) = x
",(= (-1) (x)),True,x = -1,(= (x) (-1)),82.0,(= (* (1) (x)) (/ (* (2) (x)) (x)))|(= (x) (2)),4,7.5
165,165.0,"(-1x - 2) = (3 - 4x)
",(= (- (* (-1) (x)) (2)) (- (3) (* (4) (x)))),True,x = 5/3,(= (x) (/ (5) (3))),165.0,unknown,unknown,unknown
193,193.0,"(-1x + 2) = (-3x - 4)
",(= (+ (* (-1) (x)) (2)) (- (* (-3) (x)) (4))),True,x = -3,(= (x) (-3)),193.0,(= (- (-1) (* (2) (x))) (- (* (3) (x)) (4)))|(= (- (* (5) (x)) (- (4) (4))) (+ (-1) (4)))|(= (x) (/ (3) (5))),8,36.78378378378378
100,100.0,"x = (((-1) + 2) / 3)
",(= (x) (/ (+ (-1) (2)) (3))),True,x = 1/3,(= (x) (/ (1) (3))),100.0,unknown,unknown,unknown
238,238.0,"(((1 / x) - 2) * x) = -3x
",(= (* (- (/ (1) (x)) (2)) (x)) (* (-3) (x))),True,x = -1,(= (x) (-1)),238.0,unknown,unknown,unknown
138,138.0,"(1 + 2x) = (3 + 4x)
",(= (+ (1) (* (2) (x))) (+ (3) (* (4) (x)))),True,x = -1,(= (x) (-1)),138.0,unknown,unknown,unknown
76,76.0,"((-1) - 2x) = (-3)
",(= (- (-1) (* (2) (x))) (-3)),True,x = 1,(= (x) (1)),76.0,(= (+ (* (-1) (x)) (* (2) (x))) (- (-3) (4)))|(= (x) (-7)),6,9.4
144,144.0,"((-1) + 2x) = ((-3) + -4x)
",(= (+ (-1) (* (2) (x))) (+ (-3) (* (-4) (x)))),True,x = -1/3,(= (x) (/ (-1) (3))),144.0,(= (+ (1) (* (2) (x))) (+ (3) (* (4) (x))))|(= (+ (- (* (2) (x)) (* (4) (x))) (1)) (3))|(= (+ (* (-2) (x)) (1)) (3))|(= (x) (-1)),12,38.69230769230769
153,153.0,"-1x = ((-2) + 3)
",(= (* (-1) (x)) (+ (-2) (3))),True,x = -1,(= (x) (-1)),153.0,(= (+ (/ (-1) (x)) (-2)) (-3))|3|(= (x) (1)),5,37.86842105263158
129,129.0,"1 = (2x - 3x)
",(= (1) (- (* (2) (x)) (* (3) (x)))),True,x = -1,(= (x) (-1)),129.0,unknown,unknown,unknown
10,10.0,"(-1x + (-2)) = ((-3) + -4x)
",(= (+ (* (-1) (x)) (-2)) (+ (-3) (* (-4) (x)))),True,x = -1/3,(= (x) (/ (-1) (3))),10.0,(= (* (1) (x)) (-2))|(= (* (1) (x)) (-2))|(= (x) (-2)),3,0.5
150,150.0,"((1 + 2x) - 3) = 4x
",(= (- (+ (1) (* (2) (x))) (3)) (* (4) (x))),True,x = -1,(= (x) (-1)),150.0,(= (- (+ (1) (* (2) (x))) (3)) (* (4) (x)))|(= (+ (- (* (4) (x)) (* (2) (x))) (2)) (0))|(= (+ (* (2) (x)) (2)) (0))|(= (x) (-1)),10,31.6875
254,254.0,"(-1x + (-2)) = (-3x + 4)
",(= (+ (* (-1) (x)) (-2)) (+ (* (-3) (x)) (4))),True,x = 3,(= (x) (3)),254.0,unknown,unknown,unknown
247,247.0,"(-1x - 2x) = ((-3) + 4)
",(= (- (* (-1) (x)) (* (2) (x))) (+ (-3) (4))),True,x = -1/3,(= (x) (/ (-1) (3))),247.0,unknown,unknown,unknown
79,79.0,"(((-1) / x) + (-2)) = (-3)
",(= (+ (/ (-1) (x)) (-2)) (-3)),True,x = 1,(= (x) (1)),79.0,(= (+ (-1) (2)) (* (3) (x)))|(= (* (3) (x)) (1))|(= (x) (/ (1) (3))),4,14.733333333333333
207,207.0,"(-1) = (-2x - 3)
",(= (-1) (- (* (-2) (x)) (3))),True,x = -1,(= (x) (-1)),207.0,unknown,unknown,unknown
258,258.0,"((-1) - 2) = ((-3x + 4) - 5)
",(= (- (-1) (2)) (- (+ (* (-3) (x)) (4)) (5))),True,x = 2/3,(= (x) (/ (2) (3))),258.0,unknown,unknown,unknown
106,106.0,"(1 - 2) = 3x
",(= (- (1) (2)) (* (3) (x))),True,x = -1/3,(= (x) (/ (-1) (3))),106.0,(= (+ (* (1) (x)) (2)) (+ (* (3) (x)) (-4)))|(= (+ (* (1) (x)) (2)) (+ (-4) (* (3) (x))))|(= (+ (- (* (3) (x)) (* (x) (1))) (-4)) (2))|(= (+ (* (2) (x)) (-4)) (2))|(= (x) (3)),13,35.638888888888886
250,250.0,"-1x = ((-2) + 3x)
",(= (* (-1) (x)) (+ (-2) (* (3) (x)))),True,x = 1/2,(= (x) (/ (1) (2))),250.0,unknown,unknown,unknown
190,190.0,"(-1x + (-2)) = 3
",(= (+ (* (-1) (x)) (-2)) (3)),True,x = -5,(= (x) (-5)),190.0,(= (* (1) (x)) (+ (* (-2) (x)) (3)))|(= (+ (* (-2) (x)) (3)) (x))|(= (x) (/ (- (x) (3)) (-2))),8,25.692307692307693
66,66.0,"(-1) = (2 + ((-3) / x))
",(= (-1) (+ (2) (/ (-3) (x)))),True,x = 1,(= (x) (1)),66.0,(= (+ (* (1) (x)) (2)) (+ (3) (* (4) (x))))|(= (+ (* (1) (x)) (2)) (+ (3) (* (4) (x))))|(= (+ (- (* (4) (x)) (* (x) (1))) (3)) (2))|(= (+ (* (3) (x)) (3)) (2))|(= (x) (/ (-1) (3))),13,37.6578947368421
84,84.0,"((1 - (2 / x)) - 3) = (4 - 5)
",(= (- (- (1) (/ (2) (x))) (3)) (- (4) (5))),True,x = -2,(= (x) (-2)),84.0,unknown,unknown,unknown
95,95.0,"(1 + -2x) = (3 + 4x)
",(= (+ (1) (* (-2) (x))) (+ (3) (* (4) (x)))),True,x = -1/3,(= (x) (/ (-1) (3))),95.0,(= (1) (+ (2) (* (3) (x))))|(= (+ (2) (* (3) (x))) (1))|(= (+ (* (3) (x)) (- (2) (2))) (- (1) (2)))|(= (x) (/ (-1) (3))),12,22.47826086956522
276,276.0,"1x = (2x - 3)
",(= (* (1) (x)) (- (* (2) (x)) (3))),True,x = 3,(= (x) (3)),276.0,unknown,unknown,unknown
90,90.0,"1 = (2x + (-3))
",(= (1) (+ (* (2) (x)) (-3))),True,x = 2,(= (x) (2)),90.0,(= (-1) (+ (- (* (2) (x)) (3)) (* (4) (x))))|(= (+ (- (0) (3)) (* (6) (x))) (-1))|(= (+ (* (6) (x)) (- (- (0) (3)) (- (0) (3)))) (- (-1) (- (0) (3))))|(= (x) (/ (1) (3))),22,31.3125
60,60.0,"(1x + 2) = (3 - 4x)
",(= (+ (* (1) (x)) (2)) (- (3) (* (4) (x)))),True,x = 1/5,(= (x) (/ (1) (5))),60.0,unknown,unknown,unknown
206,206.0,"((-1x + 2) + 3x) = (((-4) - 5x) + 6x)
",(= (+ (+ (* (-1) (x)) (2)) (* (3) (x))) (+ (- (-4) (* (5) (x))) (* (6) (x)))),True,x = -6,(= (x) (-6)),206.0,unknown,unknown,unknown
98,98.0,"-1x = ((-2) - 3)
",(= (* (-1) (x)) (- (-2) (3))),True,x = 5,(= (x) (5)),98.0,(= (* (/ (-1) (x)) (x)) (* (2) (x)))|(= (* (2) (x)) (-1))|(= (x) (/ (-1) (2))),4,21.818181818181817
282,282.0,"((-1) + 2x) = (-3x + 4)
",(= (+ (-1) (* (2) (x))) (+ (* (-3) (x)) (4))),True,x = 1,(= (x) (1)),282.0,unknown,unknown,unknown
183,183.0,"(((-1) + 2x) + 3) = ((4 + 5x) + 6)
",(= (+ (+ (-1) (* (2) (x))) (3)) (+ (+ (4) (* (5) (x))) (6))),True,x = -8/3,(= (x) (/ (-8) (3))),183.0,(= (+ (* (1) (x)) (2)) (+ (* (-3) (x)) (4)))|(= (+ (* (1) (x)) (2)) (+ (4) (* (-3) (x))))|(= (+ (- (* (-3) (x)) (* (x) (1))) (4)) (2))|(= (+ (* (-4) (x)) (4)) (2))|(= (x) (/ (1) (2))),13,36.648648648648646
80,80.0,"(1x + (-2)) = ((-3) + -4x)
",(= (+ (* (1) (x)) (-2)) (+ (-3) (* (-4) (x)))),True,x = -1/5,(= (x) (/ (-1) (5))),80.0,(= (+ (-1) (* (2) (x))) (-3))|(= (+ (-1) (* (2) (x))) (-3))|(= (+ (* (2) (x)) (- (-1) (-1))) (- (-3) (-1)))|(= (x) (-1)),9,21.59090909090909
249,249.0,"(1 + -2x) = (3 + -4x)
",(= (+ (1) (* (-2) (x))) (+ (3) (* (-4) (x)))),True,x = 1,(= (x) (1)),249.0,unknown,unknown,unknown
174,174.0,"(1 - 2) = -3x
",(= (- (1) (2)) (* (-3) (x))),True,x = 1/3,(= (x) (/ (1) (3))),174.0,unknown,unknown,unknown
8,8.0,"(((-1) - (2 / x)) * x) = -3x
",(= (* (- (-1) (/ (2) (x))) (x)) (* (-3) (x))),True,x = 1,(= (x) (1)),8.0,(= (* (-1) (x)) (+ (2) (3)))|(= (* (-1) (x)) (+ (2) (3)))|(= (x) (-5)),3,13.785714285714286
70,70.0,"(-1x - 2) = (3 + 4x)
",(= (- (* (-1) (x)) (2)) (+ (3) (* (4) (x)))),True,x = -1,(= (x) (-1)),70.0,(= (+ (* (-1) (x)) (-2)) (+ (-3) (* (4) (x))))|(= (+ (- (* (4) (x)) (* (-1) (x))) (-3)) (-2))|(= (+ (* (5) (x)) (-3)) (-2))|(= (x) (/ (1) (5))),12,37.68421052631579
156,156.0,"(1 + 2x) = ((-3) + 4x)
",(= (+ (1) (* (2) (x))) (+ (-3) (* (4) (x)))),True,x = 2,(= (x) (2)),156.0,(= (- (1) (2)) (* (3) (x)))|(= (* (3) (x)) (-1))|(= (x) (/ (-1) (3))),4,14.733333333333333
113,113.0,"(1 + 2x) = 3
",(= (+ (1) (* (2) (x))) (3)),True,x = 1,(= (x) (1)),113.0,(= (+ (- (* (1) (x)) (2)) (3)) (* (4) (x)))|(= (+ (- (* (4) (x)) (* (1) (x))) (- (2) (3))) (- (- (* (1) (x)) (- (2) (3))) (- (* (1) (x)) (- (2) (3)))))|(= (+ (* (3) (x)) (- (2) (3))) (- (- (* (1) (x)) (- (2) (3))) (- (* (1) (x)) (- (2) (3)))))|(= (x) (/ (1) (3))),28,31.125
162,162.0,"(1x + (-2)) = (3x + (-4))
",(= (+ (* (1) (x)) (-2)) (+ (* (3) (x)) (-4))),True,x = 1,(= (x) (1)),162.0,(= (* (1) (x)) (- (* (2) (x)) (3)))|(= (+ (- (* (1) (x)) (* (2) (x))) (3)) (- (- (* (2) (x)) (3)) (- (* (2) (x)) (3))))|(= (+ (* (-1) (x)) (3)) (- (- (* (2) (x)) (3)) (- (* (2) (x)) (3))))|(= (x) (3)),20,24.2
194,194.0,"1 = ((-2x + 3) + 4x)
",(= (1) (+ (+ (* (-2) (x)) (3)) (* (4) (x)))),True,x = -1,(= (x) (-1)),194.0,(= (+ (* (-1) (x)) (2)) (+ (* (3) (x)) (-4)))|(= (+ (- (* (3) (x)) (* (-1) (x))) (-4)) (2))|(= (+ (* (4) (x)) (-4)) (2))|(= (x) (/ (3) (2))),12,40.707317073170735
259,259.0,"(-1x - 2) = 3x
",(= (- (* (-1) (x)) (2)) (* (3) (x))),True,x = -1/2,(= (x) (/ (-1) (2))),259.0,unknown,unknown,unknown
46,46.0,"((-1) + 2x) = (3x - 4)
",(= (+ (-1) (* (2) (x))) (- (* (3) (x)) (4))),True,x = 3,(= (x) (3)),46.0,(= (* (-1) (x)) (* (-2) (x)))|(= (x) (0)),2,11.833333333333334
251,251.0,"((-1) + 2x) = (3 + -4x)
",(= (+ (-1) (* (2) (x))) (+ (3) (* (-4) (x)))),True,x = 2/3,(= (x) (/ (2) (3))),251.0,unknown,unknown,unknown
234,234.0,"(-1) = (((-2) - 3x) + 4x)
",(= (-1) (+ (- (-2) (* (3) (x))) (* (4) (x)))),True,x = 1,(= (x) (1)),234.0,unknown,unknown,unknown
278,278.0,"(1x - -2x) = ((-3x + 4) - -5x)
",(= (- (* (1) (x)) (* (-2) (x))) (- (+ (* (-3) (x)) (4)) (* (-5) (x)))),True,x = 4,(= (x) (4)),278.0,unknown,unknown,unknown
148,148.0,"(1x + 2) = (-3x + 4)
",(= (+ (* (1) (x)) (2)) (+ (* (-3) (x)) (4))),True,x = 1/2,(= (x) (/ (1) (2))),148.0,(= (1) (- (* (2) (x)) (* (3) (x))))|(= (* (-1) (x)) (1))|(= (x) (-1)),8,21.636363636363637
110,110.0,"((-1) + -2x) = (3 + 4x)
",(= (+ (-1) (* (-2) (x))) (+ (3) (* (4) (x)))),True,x = -2/3,(= (x) (/ (-2) (3))),110.0,(= (* (-1) (x)) (- (* (2) (x)) (3)))|(= (+ (- (* (-1) (x)) (* (2) (x))) (3)) (- (- (* (2) (x)) (3)) (- (* (2) (x)) (3))))|(= (+ (* (-3) (x)) (3)) (- (- (* (2) (x)) (3)) (- (* (2) (x)) (3))))|(= (x) (1)),20,24.2
5,5.0,"(1x - 2) = -3x
",(= (- (* (1) (x)) (2)) (* (-3) (x))),True,x = 1/2,(= (x) (/ (1) (2))),5.0,(= (+ (1) (* (-2) (x))) (+ (* (3) (x)) (4)))|(= (+ (- (* (3) (x)) (* (-2) (x))) (4)) (1))|(= (+ (* (5) (x)) (4)) (1))|(= (x) (/ (-3) (5))),12,34.65714285714286
107,107.0,"(1x + 2) = ((-3) + 4x)
",(= (+ (* (1) (x)) (2)) (+ (-3) (* (4) (x)))),True,x = 5/3,(= (x) (/ (5) (3))),107.0,(= (/ (1) (2)) (x))|(= (/ (1) (2)) (x))|(= (x) (/ (1) (2))),3,3.25
225,225.0,"((-1) + (2 / x)) = (-3)
",(= (+ (-1) (/ (2) (x))) (-3)),True,x = -1,(= (x) (-1)),225.0,unknown,unknown,unknown
32,32.0,"((-1x + 2) - 3x) = 4
",(= (- (+ (* (-1) (x)) (2)) (* (3) (x))) (4)),True,x = -1/2,(= (x) (/ (-1) (2))),32.0,unknown,unknown,unknown
280,280.0,"(1 - 2x) = (3x - 4)
",(= (- (1) (* (2) (x))) (- (* (3) (x)) (4))),True,x = 1,(= (x) (1)),280.0,unknown,unknown,unknown
242,242.0,"1x = (-2x + 3)
",(= (* (1) (x)) (+ (* (-2) (x)) (3))),True,x = 1,(= (x) (1)),242.0,unknown,unknown,unknown
196,196.0,"-1x = (2 - 3)
",(= (* (-1) (x)) (- (2) (3))),True,x = 1,(= (x) (1)),196.0,(= (+ (1) (* (-2) (x))) (3))|(= (+ (1) (* (-2) (x))) (3))|(= (+ (* (-2) (x)) (- (1) (1))) (- (3) (1)))|(= (x) (-1)),9,21.59090909090909
101,101.0,"((1 + 2x) - 3) = -4x
",(= (- (+ (1) (* (2) (x))) (3)) (* (-4) (x))),True,x = 1/3,(= (x) (/ (1) (3))),101.0,(= (+ (-1) (* (2) (x))) (3))|(= (+ (-1) (* (2) (x))) (3))|(= (+ (* (2) (x)) (- (-1) (-1))) (- (3) (-1)))|(= (x) (2)),9,21.59090909090909
34,34.0,"((-1) - 2x) = (3x - 4)
",(= (- (-1) (* (2) (x))) (- (* (3) (x)) (4))),True,x = 3/5,(= (x) (/ (3) (5))),34.0,unknown,unknown,unknown
48,48.0,"(-1x + 2) = (3x + (-4))
",(= (+ (* (-1) (x)) (2)) (+ (* (3) (x)) (-4))),True,x = 3/2,(= (x) (/ (3) (2))),48.0,(= (-1) (+ (-2) (/ (3) (x))))|(= (x) (3)),4,29.866666666666667
232,232.0,"((-1) + 2x) = (-3x - 4)
",(= (+ (-1) (* (2) (x))) (- (* (-3) (x)) (4))),True,x = -3/5,(= (x) (/ (-3) (5))),232.0,unknown,unknown,unknown
61,61.0,"(1 + -2x) = 3
",(= (+ (1) (* (-2) (x))) (3)),True,x = -1,(= (x) (-1)),61.0,(= (+ (* (-1) (x)) (2)) (+ (* (-3) (x)) (4)))|(= (+ (- (* (-1) (x)) (* (-3) (x))) (2)) (4))|(= (+ (* (2) (x)) (2)) (4))|(= (x) (1)),12,37.68421052631579
96,96.0,"(-1) = ((2x + 3x) - 4)
",(= (-1) (- (+ (* (2) (x)) (* (3) (x))) (4))),True,x = 3/5,(= (x) (/ (3) (5))),96.0,(= (+ (-1) (* (2) (x))) (+ (* (-3) (x)) (-4)))|(= (+ (- (* (-3) (x)) (* (2) (x))) (-4)) (-1))|(= (+ (* (-5) (x)) (-4)) (-1))|(= (x) (/ (-3) (5))),12,34.65714285714286
1,,,,,,,,(= (/ (- (1) (2)) (3)) (x))|(= (/ (- (1) (2)) (3)) (x))|(= (x) (/ (-1) (3))),5,7.375
7,,,,,,,,(= (+ (- (* (-1) (x)) (* (1) (x))) (2)) (-3))|(= (+ (- (* (-1) (x)) (* (1) (x))) (2)) (-3))|(= (+ (* (-2) (x)) (2)) (-3))|(= (x) (/ (5) (2))),9,25.653846153846153
13,,,,,,,,(= (+ (* (-1) (x)) (2)) (+ (* (-3) (x)) (-4)))|(= (+ (- (* (-3) (x)) (* (-1) (x))) (-4)) (2))|(= (+ (* (-2) (x)) (-4)) (2))|(= (x) (-3)),12,34.65714285714286
21,,,,,,,,(= (+ (+ (* (1) (x)) (2)) (* (3) (x))) (4))|(= (+ (+ (* (3) (x)) (* (1) (x))) (2)) (4))|(= (+ (* (4) (x)) (2)) (4))|(= (x) (/ (1) (2))),9,29.7
31,,,,,,,,(= (1) (+ (/ (-2) (x)) (3)))|0|(= (x) (1)),5,37.86842105263158
33,,,,,,,,(= (* (-1) (x)) (-2))|(= (* (-1) (x)) (-2))|(= (x) (2)),3,11.75
37,,,,,,,,(= (+ (1) (* (-2) (x))) (+ (* (-3) (x)) (-4)))|(= (+ (- (* (-3) (x)) (* (-2) (x))) (-4)) (1))|(= (+ (* (-1) (x)) (-4)) (1))|(= (x) (-5)),12,35.666666666666664
42,,,,,,,,(= (1) (+ (* (-2) (x)) (-3)))|(= (+ (* (-2) (x)) (-3)) (1))|(= (x) (-2)),8,24.68
50,,,,,,,,(= (+ (/ (1) (x)) (2)) (-3))|3|(= (x) (/ (-1) (5))),6,39.85
51,,,,,,,,(= (- (* (1) (x)) (2)) (-3))|(= (+ (- (* (1) (x)) (2)) (2)) (+ (-3) (2)))|(= (x) (-1)),8,11.333333333333334
54,,,,,,,,(= (x) (/ (1) (2)))|(= (x) (/ (1) (2))),1,1.5
59,,,,,,,,(= (+ (-1) (* (-2) (x))) (+ (3) (* (-4) (x))))|(= (+ (- (* (-2) (x)) (* (-4) (x))) (-1)) (3))|(= (+ (* (2) (x)) (-1)) (3))|(= (x) (2)),12,43.72727272727273
62,,,,,,,,(= (+ (/ (1) (x)) (-2)) (-3))|3|(= (x) (-1)),5,37.86842105263158
64,,,,,,,,(= (- (* (1) (x)) (* (-2) (x))) (-3))|(= (* (- (1) (-2)) (x)) (-3))|(= (x) (-1)),6,17.666666666666668
68,,,,,,,,(= (+ (* (-1) (x)) (-2)) (+ (* (3) (x)) (4)))|(= (+ (- (* (3) (x)) (* (-1) (x))) (4)) (-2))|(= (+ (* (4) (x)) (4)) (-2))|(= (x) (/ (-3) (2))),12,40.707317073170735
74,,,,,,,,(= (+ (-1) (/ (-2) (x))) (3))|1|(= (x) (/ (-1) (2))),6,45.869565217391305
75,,,,,,,,(= (-1) (/ (* (-2) (x)) (-3)))|(= (/ (* (-2) (x)) (/ (-3) (-3))) (* (-1) (-3)))|(= (x) (/ (-3) (2))),12,20.428571428571427
78,,,,,,,,(= (-1) (+ (/ (-2) (x)) (3)))|0|(= (x) (/ (1) (2))),6,36.83783783783784
86,,,,,,,,(= (+ (* (-1) (x)) (* (2) (x))) (-3))|(= (x) (-3)),6,7.25
88,,,,,,,,(= (* (1) (x)) (+ (+ (-2) (* (3) (x))) (4)))|(= (+ (x) (3)) (+ (5) (* (3) (x))))|(= (+ (- (* (3) (x)) (* (x) (1))) (5)) (3))|(= (+ (* (2) (x)) (5)) (3))|(= (x) (-1)),16,31.5
89,,,,,,,,(= (1) (/ (* (2) (x)) (3)))|(= (/ (* (2) (x)) (/ (3) (3))) (* (1) (3)))|(= (x) (/ (3) (2))),12,20.428571428571427
91,,,,,,,,(= (/ (* (-1) (x)) (x)) (* (-2) (x)))|(= (* (-2) (x)) (-1))|(= (x) (/ (1) (2))),4,17.77777777777778
94,,,,,,,,(= (-1) (* (-2) (x)))|(= (* (-2) (x)) (-1))|(= (x) (/ (1) (2))),4,11.666666666666666
97,,,,,,,,(= (+ (* (-1) (x)) (-2)) (+ (* (-3) (x)) (-4)))|(= (+ (- (* (-3) (x)) (* (-1) (x))) (-4)) (-2))|(= (+ (* (-2) (x)) (-4)) (-2))|(= (x) (-1)),12,35.666666666666664
103,,,,,,,,(= (* (-1) (x)) (- (+ (-2) (* (-3) (x))) (4)))|(= (+ (- (* (-1) (x)) (* (-3) (x))) (6)) (- (- (* (-3) (x)) (6)) (- (* (-3) (x)) (6))))|(= (+ (* (2) (x)) (6)) (- (- (* (-3) (x)) (6)) (- (* (-3) (x)) (6))))|(= (x) (-3)),20,27.285714285714285
105,,,,,,,,(= (-1) (+ (/ (2) (x)) (3)))|0|(= (x) (/ (-1) (2))),6,36.83783783783784
118,,,,,,,,(= (+ (-1) (/ (-2) (x))) (-3))|1|(= (x) (1)),5,44.888888888888886
119,,,,,,,,(= (+ (* (1) (x)) (2)) (+ (3) (* (-4) (x))))|(= (+ (* (1) (x)) (2)) (+ (3) (* (-4) (x))))|(= (+ (- (* (-4) (x)) (* (x) (1))) (3)) (2))|(= (+ (* (-5) (x)) (3)) (2))|(= (x) (/ (1) (5))),13,37.6578947368421
123,,,,,,,,(= (+ (1) (* (2) (x))) (+ (* (3) (x)) (4)))|(= (+ (- (* (2) (x)) (* (3) (x))) (1)) (4))|(= (+ (* (-1) (x)) (1)) (4))|(= (x) (-3)),12,29.6
131,,,,,,,,(= (* (1) (x)) (+ (2) (* (3) (x))))|(= (* (x) (1)) (+ (2) (* (3) (x))))|(= (+ (- (* (3) (x)) (* (x) (1))) (2)) (0))|(= (+ (* (2) (x)) (2)) (0))|(= (x) (-1)),15,24.4
133,,,,,,,,(= (/ (1) (x)) (-2))|0|(= (x) (/ (-1) (2))),4,29.866666666666667
134,,,,,,,,(= (1) (- (2) (/ (3) (x))))|(= (x) (3)),4,71.94444444444444
135,,,,,,,,(= (+ (* (-1) (x)) (2)) (+ (-3) (* (-4) (x))))|(= (+ (- (* (-4) (x)) (* (-1) (x))) (-3)) (2))|(= (+ (* (-3) (x)) (-3)) (2))|(= (x) (/ (-5) (3))),12,33.64705882352941
137,,,,,,,,(= (1) (+ (-2) (/ (3) (x))))|1|(= (x) (1)),5,39.875
139,,,,,,,,(= (-1) (x))|(= (-1) (x))|(= (x) (-1)),2,1.0
140,,,,,,,,(= (- (* (-1) (x)) (2)) (- (3) (* (4) (x))))|(= (* (+ (-1) (4)) (x)) (5))|(= (x) (/ (5) (3))),8,40.80487804878049
141,,,,,,,,(= (+ (* (-1) (x)) (2)) (- (* (-3) (x)) (4)))|(= (+ (- (* (-3) (x)) (* (-1) (x))) (-4)) (2))|(= (+ (* (-2) (x)) (-4)) (2))|(= (x) (-3)),12,34.65714285714286
157,,,,,,,,(= (* (-1) (x)) (+ (-2) (* (3) (x))))|(= (* (- (-1) (3)) (x)) (-2))|(= (x) (/ (1) (2))),8,23.666666666666668
166,,,,,,,,(= (* (-1) (x)) (- (-2) (3)))|(= (* (-1) (x)) (- (-2) (3)))|(= (x) (5)),3,13.785714285714286
169,,,,,,,,(= (+ (* (1) (x)) (-2)) (+ (-3) (* (-4) (x))))|(= (+ (* (1) (x)) (-2)) (+ (-3) (* (-4) (x))))|(= (+ (- (* (-4) (x)) (* (x) (1))) (-3)) (-2))|(= (+ (* (-5) (x)) (-3)) (-2))|(= (x) (/ (-1) (5))),13,37.6578947368421
170,,,,,,,,(= (+ (1) (* (-2) (x))) (+ (3) (* (-4) (x))))|(= (+ (- (* (-2) (x)) (* (-4) (x))) (1)) (3))|(= (+ (* (2) (x)) (1)) (3))|(= (x) (1)),12,43.72727272727273
171,,,,,,,,(= (- (1) (2)) (* (-3) (x)))|(= (* (-3) (x)) (-1))|(= (x) (/ (1) (3))),4,14.733333333333333
173,,,,,,,,(= (- (* (-1) (x)) (2)) (+ (3) (* (4) (x))))|(= (+ (- (* (-1) (x)) (* (4) (x))) (-2)) (3))|(= (+ (* (-5) (x)) (-2)) (3))|(= (x) (-1)),12,42.72093023255814
177,,,,,,,,(= (1) (+ (+ (* (-2) (x)) (3)) (* (4) (x))))|(= (+ (+ (* (4) (x)) (* (-2) (x))) (3)) (1))|(= (+ (* (2) (x)) (3)) (1))|(= (x) (-1)),16,34.542857142857144
186,,,,,,,,(= (+ (* (1) (x)) (2)) (+ (-3) (* (4) (x))))|(= (+ (* (1) (x)) (2)) (+ (-3) (* (4) (x))))|(= (+ (- (* (4) (x)) (* (x) (1))) (-3)) (2))|(= (+ (* (3) (x)) (-3)) (2))|(= (x) (/ (5) (3))),13,33.61764705882353
187,,,,,,,,(= (+ (-1) (/ (2) (x))) (-3))|1|(= (x) (-1)),5,46.8936170212766
197,,,,,,,,(= (-1) (- (+ (* (2) (x)) (* (3) (x))) (4)))|(= (- (* (5) (x)) (- (4) (4))) (+ (-1) (4)))|(= (x) (/ (3) (5))),12,32.63636363636363
